Start Date,1/1/14
End Date,9/30/24
,
,SPX Index
,Last Price
Dates,PX_LAST
9/30/24,5762.48
9/27/24,5738.17
9/26/24,5745.37
9/25/24,5722.26
9/24/24,5732.93
9/23/24,5718.57
9/20/24,5702.55
9/19/24,5713.64
9/18/24,5618.26
9/17/24,5634.58
9/16/24,5633.09
9/13/24,5626.02
9/12/24,5595.76
9/11/24,5554.13
9/10/24,5495.52
9/9/24,5471.05
9/6/24,5408.42
9/5/24,5503.41
9/4/24,5520.07
9/3/24,5528.93
8/30/24,5648.4
8/29/24,5591.96
8/28/24,5592.18
8/27/24,5625.8
8/26/24,5616.84
8/23/24,5634.61
8/22/24,5570.64
8/21/24,5620.85
8/20/24,5597.12
8/19/24,5608.25
8/16/24,5554.25
8/15/24,5543.22
8/14/24,5455.21
8/13/24,5434.43
8/12/24,5344.39
8/9/24,5344.16
8/8/24,5319.31
8/7/24,5199.5
8/6/24,5240.03
8/5/24,5186.33
8/2/24,5346.56
8/1/24,5446.68
7/31/24,5522.3
7/30/24,5436.44
7/29/24,5463.54
7/26/24,5459.1
7/25/24,5399.22
7/24/24,5427.13
7/23/24,5555.74
7/22/24,5564.41
7/19/24,5505
7/18/24,5544.59
7/17/24,5588.27
7/16/24,5667.2
7/15/24,5631.22
7/12/24,5615.35
7/11/24,5584.54
7/10/24,5633.91
7/9/24,5576.98
7/8/24,5572.85
7/5/24,5567.19
7/3/24,5537.02
7/2/24,5509.01
7/1/24,5475.09
6/28/24,5460.48
6/27/24,5482.87
6/26/24,5477.9
6/25/24,5469.3
6/24/24,5447.87
6/21/24,5464.62
6/20/24,5473.17
6/18/24,5487.03
6/17/24,5473.23
6/14/24,5431.6
6/13/24,5433.74
6/12/24,5421.03
6/11/24,5375.32
6/10/24,5360.79
6/7/24,5346.99
6/6/24,5352.96
6/5/24,5354.03
6/4/24,5291.34
6/3/24,5283.4
5/31/24,5277.51
5/30/24,5235.48
5/29/24,5266.95
5/28/24,5306.04
5/24/24,5304.72
5/23/24,5267.84
5/22/24,5307.01
5/21/24,5321.41
5/20/24,5308.13
5/17/24,5303.27
5/16/24,5297.1
5/15/24,5308.15
5/14/24,5246.68
5/13/24,5221.42
5/10/24,5222.68
5/9/24,5214.08
5/8/24,5187.67
5/7/24,5187.7
5/6/24,5180.74
5/3/24,5127.79
5/2/24,5064.2
5/1/24,5018.39
4/30/24,5035.69
4/29/24,5116.17
4/26/24,5099.96
4/25/24,5048.42
4/24/24,5071.63
4/23/24,5070.55
4/22/24,5010.6
4/19/24,4967.23
4/18/24,5011.12
4/17/24,5022.21
4/16/24,5051.41
4/15/24,5061.82
4/12/24,5123.41
4/11/24,5199.06
4/10/24,5160.64
4/9/24,5209.91
4/8/24,5202.39
4/5/24,5204.34
4/4/24,5147.21
4/3/24,5211.49
4/2/24,5205.81
4/1/24,5243.77
3/28/24,5254.35
3/27/24,5248.49
3/26/24,5203.58
3/25/24,5218.19
3/22/24,5234.18
3/21/24,5241.53
3/20/24,5224.62
3/19/24,5178.51
3/18/24,5149.42
3/15/24,5117.09
3/14/24,5150.48
3/13/24,5165.31
3/12/24,5175.27
3/11/24,5117.94
3/8/24,5123.69
3/7/24,5157.36
3/6/24,5104.76
3/5/24,5078.65
3/4/24,5130.95
3/1/24,5137.08
2/29/24,5096.27
2/28/24,5069.76
2/27/24,5078.18
2/26/24,5069.53
2/23/24,5088.8
2/22/24,5087.03
2/21/24,4981.8
2/20/24,4975.51
2/16/24,5005.57
2/15/24,5029.73
2/14/24,5000.62
2/13/24,4953.17
2/12/24,5021.84
2/9/24,5026.61
2/8/24,4997.91
2/7/24,4995.06
2/6/24,4954.23
2/5/24,4942.81
2/2/24,4958.61
2/1/24,4906.19
1/31/24,4845.65
1/30/24,4924.97
1/29/24,4927.93
1/26/24,4890.97
1/25/24,4894.16
1/24/24,4868.55
1/23/24,4864.6
1/22/24,4850.43
1/19/24,4839.81
1/18/24,4780.94
1/17/24,4739.21
1/16/24,4765.98
1/12/24,4783.83
1/11/24,4780.24
1/10/24,4783.45
1/9/24,4756.5
1/8/24,4763.54
1/5/24,4697.24
1/4/24,4688.68
1/3/24,4704.81
1/2/24,4742.83
12/29/23,4769.83
12/28/23,4783.35
12/27/23,4781.58
12/26/23,4774.75
12/22/23,4754.63
12/21/23,4746.75
12/20/23,4698.35
12/19/23,4768.37
12/18/23,4740.56
12/15/23,4719.19
12/14/23,4719.55
12/13/23,4707.09
12/12/23,4643.7
12/11/23,4622.44
12/8/23,4604.37
12/7/23,4585.59
12/6/23,4549.34
12/5/23,4567.18
12/4/23,4569.78
12/1/23,4594.63
11/30/23,4567.8
11/29/23,4550.58
11/28/23,4554.89
11/27/23,4550.43
11/24/23,4559.34
11/22/23,4556.62
11/21/23,4538.19
11/20/23,4547.38
11/17/23,4514.02
11/16/23,4508.24
11/15/23,4502.88
11/14/23,4495.7
11/13/23,4411.55
11/10/23,4415.24
11/9/23,4347.35
11/8/23,4382.78
11/7/23,4378.38
11/6/23,4365.98
11/3/23,4358.34
11/2/23,4317.78
11/1/23,4237.86
10/31/23,4193.8
10/30/23,4166.82
10/27/23,4117.37
10/26/23,4137.23
10/25/23,4186.77
10/24/23,4247.68
10/23/23,4217.04
10/20/23,4224.16
10/19/23,4278
10/18/23,4314.6
10/17/23,4373.2
10/16/23,4373.63
10/13/23,4327.78
10/12/23,4349.61
10/11/23,4376.95
10/10/23,4358.24
10/9/23,4335.66
10/6/23,4308.5
10/5/23,4258.19
10/4/23,4263.75
10/3/23,4229.45
10/2/23,4288.39
9/29/23,4288.05
9/28/23,4299.7
9/27/23,4274.51
9/26/23,4273.53
9/25/23,4337.44
9/22/23,4320.06
9/21/23,4330
9/20/23,4402.2
9/19/23,4443.95
9/18/23,4453.53
9/15/23,4450.32
9/14/23,4505.1
9/13/23,4467.44
9/12/23,4461.9
9/11/23,4487.46
9/8/23,4457.49
9/7/23,4451.14
9/6/23,4465.48
9/5/23,4496.83
9/1/23,4515.77
8/31/23,4507.66
8/30/23,4514.87
8/29/23,4497.63
8/28/23,4433.31
8/25/23,4405.71
8/24/23,4376.31
8/23/23,4436.01
8/22/23,4387.55
8/21/23,4399.77
8/18/23,4369.71
8/17/23,4370.36
8/16/23,4404.33
8/15/23,4437.86
8/14/23,4489.72
8/11/23,4464.05
8/10/23,4468.83
8/9/23,4467.71
8/8/23,4499.38
8/7/23,4518.44
8/4/23,4478.03
8/3/23,4501.89
8/2/23,4513.39
8/1/23,4576.73
7/31/23,4588.96
7/28/23,4582.23
7/27/23,4537.41
7/26/23,4566.75
7/25/23,4567.46
7/24/23,4554.64
7/21/23,4536.34
7/20/23,4534.87
7/19/23,4565.72
7/18/23,4554.98
7/17/23,4522.79
7/14/23,4505.42
7/13/23,4510.04
7/12/23,4472.16
7/11/23,4439.26
7/10/23,4409.53
7/7/23,4398.95
7/6/23,4411.59
7/5/23,4446.82
7/3/23,4455.59
6/30/23,4450.38
6/29/23,4396.44
6/28/23,4376.86
6/27/23,4378.41
6/26/23,4328.82
6/23/23,4348.33
6/22/23,4381.89
6/21/23,4365.69
6/20/23,4388.71
6/16/23,4409.59
6/15/23,4425.84
6/14/23,4372.59
6/13/23,4369.01
6/12/23,4338.93
6/9/23,4298.86
6/8/23,4293.93
6/7/23,4267.52
6/6/23,4283.85
6/5/23,4273.79
6/2/23,4282.37
6/1/23,4221.02
5/31/23,4179.83
5/30/23,4205.52
5/26/23,4205.45
5/25/23,4151.28
5/24/23,4115.24
5/23/23,4145.58
5/22/23,4192.63
5/19/23,4191.98
5/18/23,4198.05
5/17/23,4158.77
5/16/23,4109.9
5/15/23,4136.28
5/12/23,4124.08
5/11/23,4130.62
5/10/23,4137.64
5/9/23,4119.17
5/8/23,4138.12
5/5/23,4136.25
5/4/23,4061.22
5/3/23,4090.75
5/2/23,4119.58
5/1/23,4167.87
4/28/23,4169.48
4/27/23,4135.35
4/26/23,4055.99
4/25/23,4071.63
4/24/23,4137.04
4/21/23,4133.52
4/20/23,4129.79
4/19/23,4154.52
4/18/23,4154.87
4/17/23,4151.32
4/14/23,4137.64
4/13/23,4146.22
4/12/23,4091.95
4/11/23,4108.94
4/10/23,4109.11
4/6/23,4105.02
4/5/23,4090.38
4/4/23,4100.6
4/3/23,4124.51
3/31/23,4109.31
3/30/23,4050.83
3/29/23,4027.81
3/28/23,3971.27
3/27/23,3977.53
3/24/23,3970.99
3/23/23,3948.72
3/22/23,3936.97
3/21/23,4002.87
3/20/23,3951.57
3/17/23,3916.64
3/16/23,3960.28
3/15/23,3891.93
3/14/23,3919.29
3/13/23,3855.76
3/10/23,3861.59
3/9/23,3918.32
3/8/23,3992.01
3/7/23,3986.37
3/6/23,4048.42
3/3/23,4045.64
3/2/23,3981.35
3/1/23,3951.39
2/28/23,3970.15
2/27/23,3982.24
2/24/23,3970.04
2/23/23,4012.32
2/22/23,3991.05
2/21/23,3997.34
2/17/23,4079.09
2/16/23,4090.41
2/15/23,4147.6
2/14/23,4136.13
2/13/23,4137.29
2/10/23,4090.46
2/9/23,4081.5
2/8/23,4117.86
2/7/23,4164
2/6/23,4111.08
2/3/23,4136.48
2/2/23,4179.76
2/1/23,4119.21
1/31/23,4076.6
1/30/23,4017.77
1/27/23,4070.56
1/26/23,4060.43
1/25/23,4016.22
1/24/23,4016.95
1/23/23,4019.81
1/20/23,3972.61
1/19/23,3898.85
1/18/23,3928.86
1/17/23,3990.97
1/13/23,3999.09
1/12/23,3983.17
1/11/23,3969.61
1/10/23,3919.25
1/9/23,3892.09
1/6/23,3895.08
1/5/23,3808.1
1/4/23,3852.97
1/3/23,3824.14
12/30/22,3839.5
12/29/22,3849.28
12/28/22,3783.22
12/27/22,3829.25
12/23/22,3844.82
12/22/22,3822.39
12/21/22,3878.44
12/20/22,3821.62
12/19/22,3817.66
12/16/22,3852.36
12/15/22,3895.75
12/14/22,3995.32
12/13/22,4019.65
12/12/22,3990.56
12/9/22,3934.38
12/8/22,3963.51
12/7/22,3933.92
12/6/22,3941.26
12/5/22,3998.84
12/2/22,4071.7
12/1/22,4076.57
11/30/22,4080.11
11/29/22,3957.63
11/28/22,3963.94
11/25/22,4026.12
11/23/22,4027.26
11/22/22,4003.58
11/21/22,3949.94
11/18/22,3965.34
11/17/22,3946.56
11/16/22,3958.79
11/15/22,3991.73
11/14/22,3957.25
11/11/22,3992.93
11/10/22,3956.37
11/9/22,3748.57
11/8/22,3828.11
11/7/22,3806.8
11/4/22,3770.55
11/3/22,3719.89
11/2/22,3759.69
11/1/22,3856.1
10/31/22,3871.98
10/28/22,3901.06
10/27/22,3807.3
10/26/22,3830.6
10/25/22,3859.11
10/24/22,3797.34
10/21/22,3752.75
10/20/22,3665.78
10/19/22,3695.16
10/18/22,3719.98
10/17/22,3677.95
10/14/22,3583.07
10/13/22,3669.91
10/12/22,3577.03
10/11/22,3588.84
10/10/22,3612.39
10/7/22,3639.66
10/6/22,3744.52
10/5/22,3783.28
10/4/22,3790.93
10/3/22,3678.43
9/30/22,3585.62
9/29/22,3640.47
9/28/22,3719.04
9/27/22,3647.29
9/26/22,3655.04
9/23/22,3693.23
9/22/22,3757.99
9/21/22,3789.93
9/20/22,3855.93
9/19/22,3899.89
9/16/22,3873.33
9/15/22,3901.35
9/14/22,3946.01
9/13/22,3932.69
9/12/22,4110.41
9/9/22,4067.36
9/8/22,4006.18
9/7/22,3979.87
9/6/22,3908.19
9/2/22,3924.26
9/1/22,3966.85
8/31/22,3955
8/30/22,3986.16
8/29/22,4030.61
8/26/22,4057.66
8/25/22,4199.12
8/24/22,4140.77
8/23/22,4128.73
8/22/22,4137.99
8/19/22,4228.48
8/18/22,4283.74
8/17/22,4274.04
8/16/22,4305.2
8/15/22,4297.14
8/12/22,4280.15
8/11/22,4207.27
8/10/22,4210.24
8/9/22,4122.47
8/8/22,4140.06
8/5/22,4145.19
8/4/22,4151.94
8/3/22,4155.17
8/2/22,4091.19
8/1/22,4118.63
7/29/22,4130.29
7/28/22,4072.43
7/27/22,4023.61
7/26/22,3921.05
7/25/22,3966.84
7/22/22,3961.63
7/21/22,3998.95
7/20/22,3959.9
7/19/22,3936.69
7/18/22,3830.85
7/15/22,3863.16
7/14/22,3790.38
7/13/22,3801.78
7/12/22,3818.8
7/11/22,3854.43
7/8/22,3899.38
7/7/22,3902.62
7/6/22,3845.08
7/5/22,3831.39
7/1/22,3825.33
6/30/22,3785.38
6/29/22,3818.83
6/28/22,3821.55
6/27/22,3900.11
6/24/22,3911.74
6/23/22,3795.73
6/22/22,3759.89
6/21/22,3764.79
6/17/22,3674.84
6/16/22,3666.77
6/15/22,3789.99
6/14/22,3735.48
6/13/22,3749.63
6/10/22,3900.86
6/9/22,4017.82
6/8/22,4115.77
6/7/22,4160.68
6/6/22,4121.43
6/3/22,4108.54
6/2/22,4176.82
6/1/22,4101.23
5/31/22,4132.15
5/27/22,4158.24
5/26/22,4057.84
5/25/22,3978.73
5/24/22,3941.48
5/23/22,3973.75
5/20/22,3901.36
5/19/22,3900.79
5/18/22,3923.68
5/17/22,4088.85
5/16/22,4008.01
5/13/22,4023.89
5/12/22,3930.08
5/11/22,3935.18
5/10/22,4001.05
5/9/22,3991.24
5/6/22,4123.34
5/5/22,4146.87
5/4/22,4300.17
5/3/22,4175.48
5/2/22,4155.38
4/29/22,4131.93
4/28/22,4287.5
4/27/22,4183.96
4/26/22,4175.2
4/25/22,4296.12
4/22/22,4271.78
4/21/22,4393.66
4/20/22,4459.45
4/19/22,4462.21
4/18/22,4391.69
4/14/22,4392.59
4/13/22,4446.59
4/12/22,4397.45
4/11/22,4412.53
4/8/22,4488.28
4/7/22,4500.21
4/6/22,4481.15
4/5/22,4525.12
4/4/22,4582.64
4/1/22,4545.86
3/31/22,4530.41
3/30/22,4602.45
3/29/22,4631.6
3/28/22,4575.52
3/25/22,4543.06
3/24/22,4520.16
3/23/22,4456.24
3/22/22,4511.61
3/21/22,4461.18
3/18/22,4463.12
3/17/22,4411.67
3/16/22,4357.86
3/15/22,4262.45
3/14/22,4173.11
3/11/22,4204.31
3/10/22,4259.52
3/9/22,4277.88
3/8/22,4170.7
3/7/22,4201.09
3/4/22,4328.87
3/3/22,4363.49
3/2/22,4386.54
3/1/22,4306.26
2/28/22,4373.94
2/25/22,4384.65
2/24/22,4288.7
2/23/22,4225.5
2/22/22,4304.76
2/18/22,4348.87
2/17/22,4380.26
2/16/22,4475.01
2/15/22,4471.07
2/14/22,4401.67
2/11/22,4418.64
2/10/22,4504.08
2/9/22,4587.18
2/8/22,4521.54
2/7/22,4483.87
2/4/22,4500.53
2/3/22,4477.44
2/2/22,4589.38
2/1/22,4546.54
1/31/22,4515.55
1/28/22,4431.85
1/27/22,4326.51
1/26/22,4349.93
1/25/22,4356.45
1/24/22,4410.13
1/21/22,4397.94
1/20/22,4482.73
1/19/22,4532.76
1/18/22,4577.11
1/14/22,4662.85
1/13/22,4659.03
1/12/22,4726.35
1/11/22,4713.07
1/10/22,4670.29
1/7/22,4677.03
1/6/22,4696.05
1/5/22,4700.58
1/4/22,4793.54
1/3/22,4796.56
12/31/21,4766.18
12/30/21,4778.73
12/29/21,4793.06
12/28/21,4786.35
12/27/21,4791.19
12/23/21,4725.79
12/22/21,4696.56
12/21/21,4649.23
12/20/21,4568.02
12/17/21,4620.64
12/16/21,4668.67
12/15/21,4709.85
12/14/21,4634.09
12/13/21,4668.97
12/10/21,4712.02
12/9/21,4667.45
12/8/21,4701.21
12/7/21,4686.75
12/6/21,4591.67
12/3/21,4538.43
12/2/21,4577.1
12/1/21,4513.04
11/30/21,4567
11/29/21,4655.27
11/26/21,4594.62
11/24/21,4701.46
11/23/21,4690.7
11/22/21,4682.94
11/19/21,4697.96
11/18/21,4704.54
11/17/21,4688.67
11/16/21,4700.9
11/15/21,4682.8
11/12/21,4682.85
11/11/21,4649.27
11/10/21,4646.71
11/9/21,4685.25
11/8/21,4701.7
11/5/21,4697.53
11/4/21,4680.06
11/3/21,4660.57
11/2/21,4630.65
11/1/21,4613.67
10/29/21,4605.38
10/28/21,4596.42
10/27/21,4551.68
10/26/21,4574.79
10/25/21,4566.48
10/22/21,4544.9
10/21/21,4549.78
10/20/21,4536.19
10/19/21,4519.63
10/18/21,4486.46
10/15/21,4471.37
10/14/21,4438.26
10/13/21,4363.8
10/12/21,4350.65
10/11/21,4361.19
10/8/21,4391.34
10/7/21,4399.76
10/6/21,4363.55
10/5/21,4345.72
10/4/21,4300.46
10/1/21,4357.04
9/30/21,4307.54
9/29/21,4359.46
9/28/21,4352.63
9/27/21,4443.11
9/24/21,4455.48
9/23/21,4448.98
9/22/21,4395.64
9/21/21,4354.19
9/20/21,4357.73
9/17/21,4432.99
9/16/21,4473.75
9/15/21,4480.7
9/14/21,4443.05
9/13/21,4468.73
9/10/21,4458.58
9/9/21,4493.28
9/8/21,4514.07
9/7/21,4520.03
9/3/21,4535.43
9/2/21,4536.95
9/1/21,4524.09
8/31/21,4522.68
8/30/21,4528.79
8/27/21,4509.37
8/26/21,4470
8/25/21,4496.19
8/24/21,4486.23
8/23/21,4479.53
8/20/21,4441.67
8/19/21,4405.8
8/18/21,4400.27
8/17/21,4448.08
8/16/21,4479.71
8/13/21,4468
8/12/21,4460.83
8/11/21,4447.7
8/10/21,4436.75
8/9/21,4432.35
8/6/21,4436.52
8/5/21,4429.1
8/4/21,4402.66
8/3/21,4423.15
8/2/21,4387.16
7/30/21,4395.26
7/29/21,4419.15
7/28/21,4400.64
7/27/21,4401.46
7/26/21,4422.3
7/23/21,4411.79
7/22/21,4367.48
7/21/21,4358.69
7/20/21,4323.06
7/19/21,4258.49
7/16/21,4327.16
7/15/21,4360.03
7/14/21,4374.3
7/13/21,4369.21
7/12/21,4384.63
7/9/21,4369.55
7/8/21,4320.82
7/7/21,4358.13
7/6/21,4343.54
7/2/21,4352.34
7/1/21,4319.94
6/30/21,4297.5
6/29/21,4291.8
6/28/21,4290.61
6/25/21,4280.7
6/24/21,4266.49
6/23/21,4241.84
6/22/21,4246.44
6/21/21,4224.79
6/18/21,4166.45
6/17/21,4221.86
6/16/21,4223.7
6/15/21,4246.59
6/14/21,4255.15
6/11/21,4247.44
6/10/21,4239.18
6/9/21,4219.55
6/8/21,4227.26
6/7/21,4226.52
6/4/21,4229.89
6/3/21,4192.85
6/2/21,4208.12
6/1/21,4202.04
5/28/21,4204.11
5/27/21,4200.88
5/26/21,4195.99
5/25/21,4188.13
5/24/21,4197.05
5/21/21,4155.86
5/20/21,4159.12
5/19/21,4115.68
5/18/21,4127.83
5/17/21,4163.29
5/14/21,4173.85
5/13/21,4112.5
5/12/21,4063.04
5/11/21,4152.1
5/10/21,4188.43
5/7/21,4232.6
5/6/21,4201.62
5/5/21,4167.59
5/4/21,4164.66
5/3/21,4192.66
4/30/21,4181.17
4/29/21,4211.47
4/28/21,4183.18
4/27/21,4186.72
4/26/21,4187.62
4/23/21,4180.17
4/22/21,4134.98
4/21/21,4173.42
4/20/21,4134.94
4/19/21,4163.26
4/16/21,4185.47
4/15/21,4170.42
4/14/21,4124.66
4/13/21,4141.59
4/12/21,4127.99
4/9/21,4128.8
4/8/21,4097.17
4/7/21,4079.95
4/6/21,4073.94
4/5/21,4077.91
4/1/21,4019.87
3/31/21,3972.89
3/30/21,3958.55
3/29/21,3971.09
3/26/21,3974.54
3/25/21,3909.52
3/24/21,3889.14
3/23/21,3910.52
3/22/21,3940.59
3/19/21,3913.1
3/18/21,3915.46
3/17/21,3974.12
3/16/21,3962.71
3/15/21,3968.94
3/12/21,3943.34
3/11/21,3939.34
3/10/21,3898.81
3/9/21,3875.44
3/8/21,3821.35
3/5/21,3841.94
3/4/21,3768.47
3/3/21,3819.72
3/2/21,3870.29
3/1/21,3901.82
2/26/21,3811.15
2/25/21,3829.34
2/24/21,3925.43
2/23/21,3881.37
2/22/21,3876.5
2/19/21,3906.71
2/18/21,3913.97
2/17/21,3931.33
2/16/21,3932.59
2/12/21,3934.83
2/11/21,3916.38
2/10/21,3909.88
2/9/21,3911.23
2/8/21,3915.59
2/5/21,3886.83
2/4/21,3871.74
2/3/21,3830.17
2/2/21,3826.31
2/1/21,3773.86
1/29/21,3714.24
1/28/21,3787.38
1/27/21,3750.77
1/26/21,3849.62
1/25/21,3855.36
1/22/21,3841.47
1/21/21,3853.07
1/20/21,3851.85
1/19/21,3798.91
1/15/21,3768.25
1/14/21,3795.54
1/13/21,3809.84
1/12/21,3801.19
1/11/21,3799.61
1/8/21,3824.68
1/7/21,3803.79
1/6/21,3748.14
1/5/21,3726.86
1/4/21,3700.65
12/31/20,3756.07
12/30/20,3732.04
12/29/20,3727.04
12/28/20,3735.36
12/24/20,3703.06
12/23/20,3690.01
12/22/20,3687.26
12/21/20,3694.92
12/18/20,3709.41
12/17/20,3722.48
12/16/20,3701.17
12/15/20,3694.62
12/14/20,3647.49
12/11/20,3663.46
12/10/20,3668.1
12/9/20,3672.82
12/8/20,3702.25
12/7/20,3691.96
12/4/20,3699.12
12/3/20,3666.72
12/2/20,3669.01
12/1/20,3662.45
11/30/20,3621.63
11/27/20,3638.35
11/25/20,3629.65
11/24/20,3635.41
11/23/20,3577.59
11/20/20,3557.54
11/19/20,3581.87
11/18/20,3567.79
11/17/20,3609.53
11/16/20,3626.91
11/13/20,3585.15
11/12/20,3537.01
11/11/20,3572.66
11/10/20,3545.53
11/9/20,3550.5
11/6/20,3509.44
11/5/20,3510.45
11/4/20,3443.44
11/3/20,3369.16
11/2/20,3310.24
10/30/20,3269.96
10/29/20,3310.11
10/28/20,3271.03
10/27/20,3390.68
10/26/20,3400.97
10/23/20,3465.39
10/22/20,3453.49
10/21/20,3435.56
10/20/20,3443.12
10/19/20,3426.92
10/16/20,3483.81
10/15/20,3483.34
10/14/20,3488.67
10/13/20,3511.93
10/12/20,3534.22
10/9/20,3477.13
10/8/20,3446.83
10/7/20,3419.45
10/6/20,3360.95
10/5/20,3408.63
10/2/20,3348.44
10/1/20,3380.8
9/30/20,3363
9/29/20,3335.47
9/28/20,3351.6
9/25/20,3298.46
9/24/20,3246.59
9/23/20,3236.92
9/22/20,3315.57
9/21/20,3281.06
9/18/20,3319.47
9/17/20,3357.01
9/16/20,3385.49
9/15/20,3401.2
9/14/20,3383.54
9/11/20,3340.97
9/10/20,3339.19
9/9/20,3398.96
9/8/20,3331.84
9/4/20,3426.96
9/3/20,3455.06
9/2/20,3580.84
9/1/20,3526.65
8/31/20,3500.31
8/28/20,3508.01
8/27/20,3484.55
8/26/20,3478.73
8/25/20,3443.62
8/24/20,3431.28
8/21/20,3397.16
8/20/20,3385.51
8/19/20,3374.85
8/18/20,3389.78
8/17/20,3381.99
8/14/20,3372.85
8/13/20,3373.43
8/12/20,3380.35
8/11/20,3333.69
8/10/20,3360.47
8/7/20,3351.28
8/6/20,3349.16
8/5/20,3327.77
8/4/20,3306.51
8/3/20,3294.61
7/31/20,3271.12
7/30/20,3246.22
7/29/20,3258.44
7/28/20,3218.44
7/27/20,3239.41
7/24/20,3215.63
7/23/20,3235.66
7/22/20,3276.02
7/21/20,3257.3
7/20/20,3251.84
7/17/20,3224.73
7/16/20,3215.57
7/15/20,3226.56
7/14/20,3197.52
7/13/20,3155.22
7/10/20,3185.04
7/9/20,3152.05
7/8/20,3169.94
7/7/20,3145.32
7/6/20,3179.72
7/2/20,3130.01
7/1/20,3115.86
6/30/20,3100.29
6/29/20,3053.24
6/26/20,3009.05
6/25/20,3083.76
6/24/20,3050.33
6/23/20,3131.29
6/22/20,3117.86
6/19/20,3097.74
6/18/20,3115.34
6/17/20,3113.49
6/16/20,3124.74
6/15/20,3066.59
6/12/20,3041.31
6/11/20,3002.1
6/10/20,3190.14
6/9/20,3207.18
6/8/20,3232.39
6/5/20,3193.93
6/4/20,3112.35
6/3/20,3122.87
6/2/20,3080.82
6/1/20,3055.73
5/29/20,3044.31
5/28/20,3029.73
5/27/20,3036.13
5/26/20,2991.77
5/22/20,2955.45
5/21/20,2948.51
5/20/20,2971.61
5/19/20,2922.94
5/18/20,2953.91
5/15/20,2863.7
5/14/20,2852.5
5/13/20,2820
5/12/20,2870.12
5/11/20,2930.32
5/8/20,2929.8
5/7/20,2881.19
5/6/20,2848.42
5/5/20,2868.44
5/4/20,2842.74
5/1/20,2830.71
4/30/20,2912.43
4/29/20,2939.51
4/28/20,2863.39
4/27/20,2878.48
4/24/20,2836.74
4/23/20,2797.8
4/22/20,2799.31
4/21/20,2736.56
4/20/20,2823.16
4/17/20,2874.56
4/16/20,2799.55
4/15/20,2783.36
4/14/20,2846.06
4/13/20,2761.63
4/9/20,2789.82
4/8/20,2749.98
4/7/20,2659.41
4/6/20,2663.68
4/3/20,2488.65
4/2/20,2526.9
4/1/20,2470.5
3/31/20,2584.59
3/30/20,2626.65
3/27/20,2541.47
3/26/20,2630.07
3/25/20,2475.56
3/24/20,2447.33
3/23/20,2237.4
3/20/20,2304.92
3/19/20,2409.39
3/18/20,2398.1
3/17/20,2529.19
3/16/20,2386.13
3/13/20,2711.02
3/12/20,2480.64
3/11/20,2741.38
3/10/20,2882.23
3/9/20,2746.56
3/6/20,2972.37
3/5/20,3023.94
3/4/20,3130.12
3/3/20,3003.37
3/2/20,3090.23
2/28/20,2954.22
2/27/20,2978.76
2/26/20,3116.39
2/25/20,3128.21
2/24/20,3225.89
2/21/20,3337.75
2/20/20,3373.23
2/19/20,3386.15
2/18/20,3370.29
2/14/20,3380.16
2/13/20,3373.94
2/12/20,3379.45
2/11/20,3357.75
2/10/20,3352.09
2/7/20,3327.71
2/6/20,3345.78
2/5/20,3334.69
2/4/20,3297.59
2/3/20,3248.92
1/31/20,3225.52
1/30/20,3283.66
1/29/20,3273.4
1/28/20,3276.24
1/27/20,3243.63
1/24/20,3295.47
1/23/20,3325.54
1/22/20,3321.75
1/21/20,3320.79
1/17/20,3329.62
1/16/20,3316.81
1/15/20,3289.29
1/14/20,3283.15
1/13/20,3288.13
1/10/20,3265.35
1/9/20,3274.7
1/8/20,3253.05
1/7/20,3237.18
1/6/20,3246.28
1/3/20,3234.85
1/2/20,3257.85
12/31/19,3230.78
12/30/19,3221.29
12/27/19,3240.02
12/26/19,3239.91
12/24/19,3223.38
12/23/19,3224.01
12/20/19,3221.22
12/19/19,3205.37
12/18/19,3191.14
12/17/19,3192.52
12/16/19,3191.45
12/13/19,3168.8
12/12/19,3168.57
12/11/19,3141.63
12/10/19,3132.52
12/9/19,3135.96
12/6/19,3145.91
12/5/19,3117.43
12/4/19,3112.76
12/3/19,3093.2
12/2/19,3113.87
11/29/19,3140.98
11/27/19,3153.63
11/26/19,3140.52
11/25/19,3133.64
11/22/19,3110.29
11/21/19,3103.54
11/20/19,3108.46
11/19/19,3120.18
11/18/19,3122.03
11/15/19,3120.46
11/14/19,3096.63
11/13/19,3094.04
11/12/19,3091.84
11/11/19,3087.01
11/8/19,3093.08
11/7/19,3085.18
11/6/19,3076.78
11/5/19,3074.62
11/4/19,3078.27
11/1/19,3066.91
10/31/19,3037.56
10/30/19,3046.77
10/29/19,3036.89
10/28/19,3039.42
10/25/19,3022.55
10/24/19,3010.29
10/23/19,3004.52
10/22/19,2995.99
10/21/19,3006.72
10/18/19,2986.2
10/17/19,2997.95
10/16/19,2989.69
10/15/19,2995.68
10/14/19,2966.15
10/11/19,2970.27
10/10/19,2938.13
10/9/19,2919.4
10/8/19,2893.06
10/7/19,2938.79
10/4/19,2952.01
10/3/19,2910.63
10/2/19,2887.61
10/1/19,2940.25
9/30/19,2976.74
9/27/19,2961.79
9/26/19,2977.62
9/25/19,2984.87
9/24/19,2966.6
9/23/19,2991.78
9/20/19,2992.07
9/19/19,3006.79
9/18/19,3006.73
9/17/19,3005.7
9/16/19,2997.96
9/13/19,3007.39
9/12/19,3009.57
9/11/19,3000.93
9/10/19,2979.39
9/9/19,2978.43
9/6/19,2978.71
9/5/19,2976
9/4/19,2937.78
9/3/19,2906.27
8/30/19,2926.46
8/29/19,2924.58
8/28/19,2887.94
8/27/19,2869.16
8/26/19,2878.38
8/23/19,2847.11
8/22/19,2922.95
8/21/19,2924.43
8/20/19,2900.51
8/19/19,2923.65
8/16/19,2888.68
8/15/19,2847.6
8/14/19,2840.6
8/13/19,2926.32
8/12/19,2883.75
8/9/19,2918.65
8/8/19,2938.09
8/7/19,2883.98
8/6/19,2881.77
8/5/19,2844.74
8/2/19,2932.05
8/1/19,2953.56
7/31/19,2980.38
7/30/19,3013.18
7/29/19,3020.97
7/26/19,3025.86
7/25/19,3003.67
7/24/19,3019.56
7/23/19,3005.47
7/22/19,2985.03
7/19/19,2976.61
7/18/19,2995.11
7/17/19,2984.42
7/16/19,3004.04
7/15/19,3014.3
7/12/19,3013.77
7/11/19,2999.91
7/10/19,2993.07
7/9/19,2979.63
7/8/19,2975.95
7/5/19,2990.41
7/3/19,2995.82
7/2/19,2973.01
7/1/19,2964.33
6/28/19,2941.76
6/27/19,2924.92
6/26/19,2913.78
6/25/19,2917.38
6/24/19,2945.35
6/21/19,2950.46
6/20/19,2954.18
6/19/19,2926.46
6/18/19,2917.75
6/17/19,2889.67
6/14/19,2886.98
6/13/19,2891.64
6/12/19,2879.84
6/11/19,2885.72
6/10/19,2886.73
6/7/19,2873.34
6/6/19,2843.49
6/5/19,2826.15
6/4/19,2803.27
6/3/19,2744.45
5/31/19,2752.06
5/30/19,2788.86
5/29/19,2783.02
5/28/19,2802.39
5/24/19,2826.06
5/23/19,2822.24
5/22/19,2856.27
5/21/19,2864.36
5/20/19,2840.23
5/17/19,2859.53
5/16/19,2876.32
5/15/19,2850.96
5/14/19,2834.41
5/13/19,2811.87
5/10/19,2881.4
5/9/19,2870.72
5/8/19,2879.42
5/7/19,2884.05
5/6/19,2932.47
5/3/19,2945.64
5/2/19,2917.52
5/1/19,2923.73
4/30/19,2945.83
4/29/19,2943.03
4/26/19,2939.88
4/25/19,2926.17
4/24/19,2927.25
4/23/19,2933.68
4/22/19,2907.97
4/18/19,2905.03
4/17/19,2900.45
4/16/19,2907.06
4/15/19,2905.58
4/12/19,2907.41
4/11/19,2888.32
4/10/19,2888.21
4/9/19,2878.2
4/8/19,2895.77
4/5/19,2892.74
4/4/19,2879.39
4/3/19,2873.4
4/2/19,2867.24
4/1/19,2867.19
3/29/19,2834.4
3/28/19,2815.44
3/27/19,2805.37
3/26/19,2818.46
3/25/19,2798.36
3/22/19,2800.71
3/21/19,2854.88
3/20/19,2824.23
3/19/19,2832.57
3/18/19,2832.94
3/15/19,2822.48
3/14/19,2808.48
3/13/19,2810.92
3/12/19,2791.52
3/11/19,2783.3
3/8/19,2743.07
3/7/19,2748.93
3/6/19,2771.45
3/5/19,2789.65
3/4/19,2792.81
3/1/19,2803.69
2/28/19,2784.49
2/27/19,2792.38
2/26/19,2793.9
2/25/19,2796.11
2/22/19,2792.67
2/21/19,2774.88
2/20/19,2784.7
2/19/19,2779.76
2/15/19,2775.6
2/14/19,2745.73
2/13/19,2753.03
2/12/19,2744.73
2/11/19,2709.8
2/8/19,2707.88
2/7/19,2706.05
2/6/19,2731.61
2/5/19,2737.7
2/4/19,2724.87
2/1/19,2706.53
1/31/19,2704.1
1/30/19,2681.05
1/29/19,2640
1/28/19,2643.85
1/25/19,2664.76
1/24/19,2642.33
1/23/19,2638.7
1/22/19,2632.9
1/18/19,2670.71
1/17/19,2635.96
1/16/19,2616.1
1/15/19,2610.3
1/14/19,2582.61
1/11/19,2596.26
1/10/19,2596.64
1/9/19,2584.96
1/8/19,2574.41
1/7/19,2549.69
1/4/19,2531.94
1/3/19,2447.89
1/2/19,2510.03
12/31/18,2506.85
12/28/18,2485.74
12/27/18,2488.83
12/26/18,2467.7
12/24/18,2351.1
12/21/18,2416.62
12/20/18,2467.42
12/19/18,2506.96
12/18/18,2546.16
12/17/18,2545.94
12/14/18,2599.95
12/13/18,2650.54
12/12/18,2651.07
12/11/18,2636.78
12/10/18,2637.72
12/7/18,2633.08
12/6/18,2695.95
12/4/18,2700.06
12/3/18,2790.37
11/30/18,2760.17
11/29/18,2737.76
11/28/18,2743.79
11/27/18,2682.17
11/26/18,2673.45
11/23/18,2632.56
11/21/18,2649.93
11/20/18,2641.89
11/19/18,2690.73
11/16/18,2736.27
11/15/18,2730.2
11/14/18,2701.58
11/13/18,2722.18
11/12/18,2726.22
11/9/18,2781.01
11/8/18,2806.83
11/7/18,2813.89
11/6/18,2755.45
11/5/18,2738.31
11/2/18,2723.06
11/1/18,2740.37
10/31/18,2711.74
10/30/18,2682.63
10/29/18,2641.25
10/26/18,2658.69
10/25/18,2705.57
10/24/18,2656.1
10/23/18,2740.69
10/22/18,2755.88
10/19/18,2767.78
10/18/18,2768.78
10/17/18,2809.21
10/16/18,2809.92
10/15/18,2750.79
10/12/18,2767.13
10/11/18,2728.37
10/10/18,2785.68
10/9/18,2880.34
10/8/18,2884.43
10/5/18,2885.57
10/4/18,2901.61
10/3/18,2925.51
10/2/18,2923.43
10/1/18,2924.59
9/28/18,2913.98
9/27/18,2914
9/26/18,2905.97
9/25/18,2915.56
9/24/18,2919.37
9/21/18,2929.67
9/20/18,2930.75
9/19/18,2907.95
9/18/18,2904.31
9/17/18,2888.8
9/14/18,2904.98
9/13/18,2904.18
9/12/18,2888.92
9/11/18,2887.89
9/10/18,2877.13
9/7/18,2871.68
9/6/18,2878.05
9/5/18,2888.6
9/4/18,2896.72
8/31/18,2901.52
8/30/18,2901.13
8/29/18,2914.04
8/28/18,2897.52
8/27/18,2896.74
8/24/18,2874.69
8/23/18,2856.98
8/22/18,2861.82
8/21/18,2862.96
8/20/18,2857.05
8/17/18,2850.13
8/16/18,2840.69
8/15/18,2818.37
8/14/18,2839.96
8/13/18,2821.93
8/10/18,2833.28
8/9/18,2853.58
8/8/18,2857.7
8/7/18,2858.45
8/6/18,2850.4
8/3/18,2840.35
8/2/18,2827.22
8/1/18,2813.36
7/31/18,2816.29
7/30/18,2802.6
7/27/18,2818.82
7/26/18,2837.44
7/25/18,2846.07
7/24/18,2820.4
7/23/18,2806.98
7/20/18,2801.83
7/19/18,2804.49
7/18/18,2815.62
7/17/18,2809.55
7/16/18,2798.43
7/13/18,2801.31
7/12/18,2798.29
7/11/18,2774.02
7/10/18,2793.84
7/9/18,2784.17
7/6/18,2759.82
7/5/18,2736.61
7/3/18,2713.22
7/2/18,2726.71
6/29/18,2718.37
6/28/18,2716.31
6/27/18,2699.63
6/26/18,2723.06
6/25/18,2717.07
6/22/18,2754.88
6/21/18,2749.76
6/20/18,2767.32
6/19/18,2762.59
6/18/18,2773.75
6/15/18,2779.66
6/14/18,2782.49
6/13/18,2775.63
6/12/18,2786.85
6/11/18,2782
6/8/18,2779.03
6/7/18,2770.37
6/6/18,2772.35
6/5/18,2748.8
6/4/18,2746.87
6/1/18,2734.62
5/31/18,2705.27
5/30/18,2724.01
5/29/18,2689.86
5/25/18,2721.33
5/24/18,2727.76
5/23/18,2733.29
5/22/18,2724.44
5/21/18,2733.01
5/18/18,2712.97
5/17/18,2720.13
5/16/18,2722.46
5/15/18,2711.45
5/14/18,2730.13
5/11/18,2727.72
5/10/18,2723.07
5/9/18,2697.79
5/8/18,2671.92
5/7/18,2672.63
5/4/18,2663.42
5/3/18,2629.73
5/2/18,2635.67
5/1/18,2654.8
4/30/18,2648.05
4/27/18,2669.91
4/26/18,2666.94
4/25/18,2639.4
4/24/18,2634.56
4/23/18,2670.29
4/20/18,2670.14
4/19/18,2693.13
4/18/18,2708.64
4/17/18,2706.39
4/16/18,2677.84
4/13/18,2656.3
4/12/18,2663.99
4/11/18,2642.19
4/10/18,2656.87
4/9/18,2613.16
4/6/18,2604.47
4/5/18,2662.84
4/4/18,2644.69
4/3/18,2614.45
4/2/18,2581.88
3/29/18,2640.87
3/28/18,2605
3/27/18,2612.62
3/26/18,2658.55
3/23/18,2588.26
3/22/18,2643.69
3/21/18,2711.93
3/20/18,2716.94
3/19/18,2712.92
3/16/18,2752.01
3/15/18,2747.33
3/14/18,2749.48
3/13/18,2765.31
3/12/18,2783.02
3/9/18,2786.57
3/8/18,2738.97
3/7/18,2726.8
3/6/18,2728.12
3/5/18,2720.94
3/2/18,2691.25
3/1/18,2677.67
2/28/18,2713.83
2/27/18,2744.28
2/26/18,2779.6
2/23/18,2747.3
2/22/18,2703.96
2/21/18,2701.33
2/20/18,2716.26
2/16/18,2732.22
2/15/18,2731.2
2/14/18,2698.63
2/13/18,2662.94
2/12/18,2656
2/9/18,2619.55
2/8/18,2581
2/7/18,2681.66
2/6/18,2695.14
2/5/18,2648.94
2/2/18,2762.13
2/1/18,2821.98
1/31/18,2823.81
1/30/18,2822.43
1/29/18,2853.53
1/26/18,2872.87
1/25/18,2839.25
1/24/18,2837.54
1/23/18,2839.13
1/22/18,2832.97
1/19/18,2810.3
1/18/18,2798.03
1/17/18,2802.56
1/16/18,2776.42
1/12/18,2786.24
1/11/18,2767.56
1/10/18,2748.23
1/9/18,2751.29
1/8/18,2747.71
1/5/18,2743.15
1/4/18,2723.99
1/3/18,2713.06
1/2/18,2695.81
12/29/17,2673.61
12/28/17,2687.54
12/27/17,2682.62
12/26/17,2680.5
12/22/17,2683.34
12/21/17,2684.57
12/20/17,2679.25
12/19/17,2681.47
12/18/17,2690.16
12/15/17,2675.81
12/14/17,2652.01
12/13/17,2662.85
12/12/17,2664.11
12/11/17,2659.99
12/8/17,2651.5
12/7/17,2636.98
12/6/17,2629.27
12/5/17,2629.57
12/4/17,2639.44
12/1/17,2642.22
11/30/17,2647.58
11/29/17,2626.07
11/28/17,2627.04
11/27/17,2601.42
11/24/17,2602.42
11/22/17,2597.08
11/21/17,2599.03
11/20/17,2582.14
11/17/17,2578.85
11/16/17,2585.64
11/15/17,2564.62
11/14/17,2578.87
11/13/17,2584.84
11/10/17,2582.3
11/9/17,2584.62
11/8/17,2594.38
11/7/17,2590.64
11/6/17,2591.13
11/3/17,2587.84
11/2/17,2579.85
11/1/17,2579.36
10/31/17,2575.26
10/30/17,2572.83
10/27/17,2581.07
10/26/17,2560.4
10/25/17,2557.15
10/24/17,2569.13
10/23/17,2564.98
10/20/17,2575.21
10/19/17,2562.1
10/18/17,2561.26
10/17/17,2559.36
10/16/17,2557.64
10/13/17,2553.17
10/12/17,2550.93
10/11/17,2555.24
10/10/17,2550.64
10/9/17,2544.73
10/6/17,2549.33
10/5/17,2552.07
10/4/17,2537.74
10/3/17,2534.58
10/2/17,2529.12
9/29/17,2519.36
9/28/17,2510.06
9/27/17,2507.04
9/26/17,2496.84
9/25/17,2496.66
9/22/17,2502.22
9/21/17,2500.6
9/20/17,2508.24
9/19/17,2506.65
9/18/17,2503.87
9/15/17,2500.23
9/14/17,2495.62
9/13/17,2498.37
9/12/17,2496.48
9/11/17,2488.11
9/8/17,2461.43
9/7/17,2465.1
9/6/17,2465.54
9/5/17,2457.85
9/1/17,2476.55
8/31/17,2471.65
8/30/17,2457.59
8/29/17,2446.3
8/28/17,2444.24
8/25/17,2443.05
8/24/17,2438.97
8/23/17,2444.04
8/22/17,2452.51
8/21/17,2428.37
8/18/17,2425.55
8/17/17,2430.01
8/16/17,2468.11
8/15/17,2464.61
8/14/17,2465.84
8/11/17,2441.32
8/10/17,2438.21
8/9/17,2474.02
8/8/17,2474.92
8/7/17,2480.91
8/4/17,2476.83
8/3/17,2472.16
8/2/17,2477.57
8/1/17,2476.35
7/31/17,2470.3
7/28/17,2472.1
7/27/17,2475.42
7/26/17,2477.83
7/25/17,2477.13
7/24/17,2469.91
7/21/17,2472.54
7/20/17,2473.45
7/19/17,2473.83
7/18/17,2460.61
7/17/17,2459.14
7/14/17,2459.27
7/13/17,2447.83
7/12/17,2443.25
7/11/17,2425.53
7/10/17,2427.43
7/7/17,2425.18
7/6/17,2409.75
7/5/17,2432.54
7/3/17,2429.01
6/30/17,2423.41
6/29/17,2419.7
6/28/17,2440.69
6/27/17,2419.38
6/26/17,2439.07
6/23/17,2438.3
6/22/17,2434.5
6/21/17,2435.61
6/20/17,2437.03
6/19/17,2453.46
6/16/17,2433.15
6/15/17,2432.46
6/14/17,2437.92
6/13/17,2440.35
6/12/17,2429.39
6/9/17,2431.77
6/8/17,2433.79
6/7/17,2433.14
6/6/17,2429.33
6/5/17,2436.1
6/2/17,2439.07
6/1/17,2430.06
5/31/17,2411.8
5/30/17,2412.91
5/26/17,2415.82
5/25/17,2415.07
5/24/17,2404.39
5/23/17,2398.42
5/22/17,2394.02
5/19/17,2381.73
5/18/17,2365.72
5/17/17,2357.03
5/16/17,2400.67
5/15/17,2402.32
5/12/17,2390.9
5/11/17,2394.44
5/10/17,2399.63
5/9/17,2396.92
5/8/17,2399.38
5/5/17,2399.29
5/4/17,2389.52
5/3/17,2388.13
5/2/17,2391.17
5/1/17,2388.33
4/28/17,2384.2
4/27/17,2388.77
4/26/17,2387.45
4/25/17,2388.61
4/24/17,2374.15
4/21/17,2348.69
4/20/17,2355.84
4/19/17,2338.17
4/18/17,2342.19
4/17/17,2349.01
4/13/17,2328.95
4/12/17,2344.93
4/11/17,2353.78
4/10/17,2357.16
4/7/17,2355.54
4/6/17,2357.49
4/5/17,2352.95
4/4/17,2360.16
4/3/17,2358.84
3/31/17,2362.72
3/30/17,2368.06
3/29/17,2361.13
3/28/17,2358.57
3/27/17,2341.59
3/24/17,2343.98
3/23/17,2345.96
3/22/17,2348.45
3/21/17,2344.02
3/20/17,2373.47
3/17/17,2378.25
3/16/17,2381.38
3/15/17,2385.26
3/14/17,2365.45
3/13/17,2373.47
3/10/17,2372.6
3/9/17,2364.87
3/8/17,2362.98
3/7/17,2368.39
3/6/17,2375.31
3/3/17,2383.12
3/2/17,2381.92
3/1/17,2395.96
2/28/17,2363.64
2/27/17,2369.75
2/24/17,2367.34
2/23/17,2363.81
2/22/17,2362.82
2/21/17,2365.38
2/17/17,2351.16
2/16/17,2347.22
2/15/17,2349.25
2/14/17,2337.58
2/13/17,2328.25
2/10/17,2316.1
2/9/17,2307.87
2/8/17,2294.67
2/7/17,2293.08
2/6/17,2292.56
2/3/17,2297.42
2/2/17,2280.85
2/1/17,2279.55
1/31/17,2278.87
1/30/17,2280.9
1/27/17,2294.69
1/26/17,2296.68
1/25/17,2298.37
1/24/17,2280.07
1/23/17,2265.2
1/20/17,2271.31
1/19/17,2263.69
1/18/17,2271.89
1/17/17,2267.89
1/13/17,2274.64
1/12/17,2270.44
1/11/17,2275.32
1/10/17,2268.9
1/9/17,2268.9
1/6/17,2276.98
1/5/17,2269
1/4/17,2270.75
1/3/17,2257.83
12/30/16,2238.83
12/29/16,2249.26
12/28/16,2249.92
12/27/16,2268.88
12/23/16,2263.79
12/22/16,2260.96
12/21/16,2265.18
12/20/16,2270.76
12/19/16,2262.53
12/16/16,2258.07
12/15/16,2262.03
12/14/16,2253.28
12/13/16,2271.72
12/12/16,2256.96
12/9/16,2259.53
12/8/16,2246.19
12/7/16,2241.35
12/6/16,2212.23
12/5/16,2204.71
12/2/16,2191.95
12/1/16,2191.08
11/30/16,2198.81
11/29/16,2204.66
11/28/16,2201.72
11/25/16,2213.35
11/23/16,2204.72
11/22/16,2202.94
11/21/16,2198.18
11/18/16,2181.9
11/17/16,2187.12
11/16/16,2176.94
11/15/16,2180.39
11/14/16,2164.2
11/11/16,2164.45
11/10/16,2167.48
11/9/16,2163.26
11/8/16,2139.56
11/7/16,2131.52
11/4/16,2085.18
11/3/16,2088.66
11/2/16,2097.94
11/1/16,2111.72
10/31/16,2126.15
10/28/16,2126.41
10/27/16,2133.04
10/26/16,2139.43
10/25/16,2143.16
10/24/16,2151.33
10/21/16,2141.16
10/20/16,2141.34
10/19/16,2144.29
10/18/16,2139.6
10/17/16,2126.5
10/14/16,2132.98
10/13/16,2132.55
10/12/16,2139.18
10/11/16,2136.73
10/10/16,2163.66
10/7/16,2153.74
10/6/16,2160.77
10/5/16,2159.73
10/4/16,2150.49
10/3/16,2161.2
9/30/16,2168.27
9/29/16,2151.13
9/28/16,2171.37
9/27/16,2159.93
9/26/16,2146.1
9/23/16,2164.69
9/22/16,2177.18
9/21/16,2163.12
9/20/16,2139.76
9/19/16,2139.12
9/16/16,2139.16
9/15/16,2147.26
9/14/16,2125.77
9/13/16,2127.02
9/12/16,2159.04
9/9/16,2127.81
9/8/16,2181.3
9/7/16,2186.16
9/6/16,2186.48
9/2/16,2179.98
9/1/16,2170.86
8/31/16,2170.95
8/30/16,2176.12
8/29/16,2180.38
8/26/16,2169.04
8/25/16,2172.47
8/24/16,2175.44
8/23/16,2186.9
8/22/16,2182.64
8/19/16,2183.87
8/18/16,2187.02
8/17/16,2182.22
8/16/16,2178.15
8/15/16,2190.15
8/12/16,2184.05
8/11/16,2185.79
8/10/16,2175.49
8/9/16,2181.74
8/8/16,2180.89
8/5/16,2182.87
8/4/16,2164.25
8/3/16,2163.79
8/2/16,2157.03
8/1/16,2170.84
7/29/16,2173.6
7/28/16,2170.06
7/27/16,2166.58
7/26/16,2169.18
7/25/16,2168.48
7/22/16,2175.03
7/21/16,2165.17
7/20/16,2173.02
7/19/16,2163.78
7/18/16,2166.89
7/15/16,2161.74
7/14/16,2163.75
7/13/16,2152.43
7/12/16,2152.14
7/11/16,2137.16
7/8/16,2129.9
7/7/16,2097.9
7/6/16,2099.73
7/5/16,2088.55
7/1/16,2102.95
6/30/16,2098.86
6/29/16,2070.77
6/28/16,2036.09
6/27/16,2000.54
6/24/16,2037.41
6/23/16,2113.32
6/22/16,2085.45
6/21/16,2088.9
6/20/16,2083.25
6/17/16,2071.22
6/16/16,2077.99
6/15/16,2071.5
6/14/16,2075.32
6/13/16,2079.06
6/10/16,2096.07
6/9/16,2115.48
6/8/16,2119.12
6/7/16,2112.13
6/6/16,2109.41
6/3/16,2099.13
6/2/16,2105.26
6/1/16,2099.33
5/31/16,2096.96
5/27/16,2099.06
5/26/16,2090.1
5/25/16,2090.54
5/24/16,2076.06
5/23/16,2048.04
5/20/16,2052.32
5/19/16,2040.04
5/18/16,2047.63
5/17/16,2047.21
5/16/16,2066.66
5/13/16,2046.61
5/12/16,2064.11
5/11/16,2064.46
5/10/16,2084.39
5/9/16,2058.69
5/6/16,2057.14
5/5/16,2050.63
5/4/16,2051.12
5/3/16,2063.37
5/2/16,2081.43
4/29/16,2065.3
4/28/16,2075.81
4/27/16,2095.15
4/26/16,2091.7
4/25/16,2087.79
4/22/16,2091.58
4/21/16,2091.48
4/20/16,2102.4
4/19/16,2100.8
4/18/16,2094.34
4/15/16,2080.73
4/14/16,2082.78
4/13/16,2082.42
4/12/16,2061.72
4/11/16,2041.99
4/8/16,2047.6
4/7/16,2041.91
4/6/16,2066.66
4/5/16,2045.17
4/4/16,2066.13
4/1/16,2072.78
3/31/16,2059.74
3/30/16,2063.95
3/29/16,2055.01
3/28/16,2037.05
3/24/16,2035.94
3/23/16,2036.71
3/22/16,2049.8
3/21/16,2051.6
3/18/16,2049.58
3/17/16,2040.59
3/16/16,2027.22
3/15/16,2015.93
3/14/16,2019.64
3/11/16,2022.19
3/10/16,1989.57
3/9/16,1989.26
3/8/16,1979.26
3/7/16,2001.76
3/4/16,1999.99
3/3/16,1993.4
3/2/16,1986.45
3/1/16,1978.35
2/29/16,1932.23
2/26/16,1948.05
2/25/16,1951.7
2/24/16,1929.8
2/23/16,1921.27
2/22/16,1945.5
2/19/16,1917.78
2/18/16,1917.83
2/17/16,1926.82
2/16/16,1895.58
2/12/16,1864.78
2/11/16,1829.08
2/10/16,1851.86
2/9/16,1852.21
2/8/16,1853.44
2/5/16,1880.05
2/4/16,1915.45
2/3/16,1912.53
2/2/16,1903.03
2/1/16,1939.38
1/29/16,1940.24
1/28/16,1893.36
1/27/16,1882.95
1/26/16,1903.63
1/25/16,1877.08
1/22/16,1906.9
1/21/16,1868.99
1/20/16,1859.33
1/19/16,1881.33
1/15/16,1880.33
1/14/16,1921.84
1/13/16,1890.28
1/12/16,1938.68
1/11/16,1923.67
1/8/16,1922.03
1/7/16,1943.09
1/6/16,1990.26
1/5/16,2016.71
1/4/16,2012.66
12/31/15,2043.94
12/30/15,2063.36
12/29/15,2078.36
12/28/15,2056.5
12/24/15,2060.99
12/23/15,2064.29
12/22/15,2038.97
12/21/15,2021.15
12/18/15,2005.55
12/17/15,2041.89
12/16/15,2073.07
12/15/15,2043.41
12/14/15,2021.94
12/11/15,2012.37
12/10/15,2052.23
12/9/15,2047.62
12/8/15,2063.59
12/7/15,2077.07
12/4/15,2091.69
12/3/15,2049.62
12/2/15,2079.51
12/1/15,2102.63
11/30/15,2080.41
11/27/15,2090.11
11/25/15,2088.87
11/24/15,2089.14
11/23/15,2086.59
11/20/15,2089.17
11/19/15,2081.24
11/18/15,2083.58
11/17/15,2050.44
11/16/15,2053.19
11/13/15,2023.04
11/12/15,2045.97
11/11/15,2075
11/10/15,2081.72
11/9/15,2078.58
11/6/15,2099.2
11/5/15,2099.93
11/4/15,2102.31
11/3/15,2109.79
11/2/15,2104.05
10/30/15,2079.36
10/29/15,2089.41
10/28/15,2090.35
10/27/15,2065.89
10/26/15,2071.18
10/23/15,2075.15
10/22/15,2052.51
10/21/15,2018.94
10/20/15,2030.77
10/19/15,2033.66
10/16/15,2033.11
10/15/15,2023.86
10/14/15,1994.24
10/13/15,2003.69
10/12/15,2017.46
10/9/15,2014.89
10/8/15,2013.43
10/7/15,1995.83
10/6/15,1979.92
10/5/15,1987.05
10/2/15,1951.36
10/1/15,1923.82
9/30/15,1920.03
9/29/15,1884.09
9/28/15,1881.77
9/25/15,1931.34
9/24/15,1932.24
9/23/15,1938.76
9/22/15,1942.74
9/21/15,1966.97
9/18/15,1958.03
9/17/15,1990.2
9/16/15,1995.31
9/15/15,1978.09
9/14/15,1953.03
9/11/15,1961.05
9/10/15,1952.29
9/9/15,1942.04
9/8/15,1969.41
9/4/15,1921.22
9/3/15,1951.13
9/2/15,1948.86
9/1/15,1913.85
8/31/15,1972.18
8/28/15,1988.87
8/27/15,1987.66
8/26/15,1940.51
8/25/15,1867.61
8/24/15,1893.21
8/21/15,1970.89
8/20/15,2035.73
8/19/15,2079.61
8/18/15,2096.92
8/17/15,2102.44
8/14/15,2091.54
8/13/15,2083.39
8/12/15,2086.05
8/11/15,2084.07
8/10/15,2104.18
8/7/15,2077.57
8/6/15,2083.56
8/5/15,2099.84
8/4/15,2093.32
8/3/15,2098.04
7/31/15,2103.84
7/30/15,2108.63
7/29/15,2108.57
7/28/15,2093.25
7/27/15,2067.64
7/24/15,2079.65
7/23/15,2102.15
7/22/15,2114.15
7/21/15,2119.21
7/20/15,2128.28
7/17/15,2126.64
7/16/15,2124.29
7/15/15,2107.4
7/14/15,2108.95
7/13/15,2099.6
7/10/15,2076.62
7/9/15,2051.31
7/8/15,2046.68
7/7/15,2081.34
7/6/15,2068.76
7/2/15,2076.78
7/1/15,2077.42
6/30/15,2063.11
6/29/15,2057.64
6/26/15,2101.49
6/25/15,2102.31
6/24/15,2108.58
6/23/15,2124.2
6/22/15,2122.85
6/19/15,2109.99
6/18/15,2121.24
6/17/15,2100.44
6/16/15,2096.29
6/15/15,2084.43
6/12/15,2094.11
6/11/15,2108.86
6/10/15,2105.2
6/9/15,2080.15
6/8/15,2079.28
6/5/15,2092.83
6/4/15,2095.84
6/3/15,2114.07
6/2/15,2109.6
6/1/15,2111.73
5/29/15,2107.39
5/28/15,2120.79
5/27/15,2123.48
5/26/15,2104.2
5/22/15,2126.06
5/21/15,2130.82
5/20/15,2125.85
5/19/15,2127.83
5/18/15,2129.2
5/15/15,2122.73
5/14/15,2121.1
5/13/15,2098.48
5/12/15,2099.12
5/11/15,2105.33
5/8/15,2116.1
5/7/15,2088
5/6/15,2080.15
5/5/15,2089.46
5/4/15,2114.49
5/1/15,2108.29
4/30/15,2085.51
4/29/15,2106.85
4/28/15,2114.76
4/27/15,2108.92
4/24/15,2117.69
4/23/15,2112.93
4/22/15,2107.96
4/21/15,2097.29
4/20/15,2100.4
4/17/15,2081.18
4/16/15,2104.99
4/15/15,2106.63
4/14/15,2095.84
4/13/15,2092.43
4/10/15,2102.06
4/9/15,2091.18
4/8/15,2081.9
4/7/15,2076.33
4/6/15,2080.62
4/2/15,2066.96
4/1/15,2059.69
3/31/15,2067.89
3/30/15,2086.24
3/27/15,2061.02
3/26/15,2056.15
3/25/15,2061.05
3/24/15,2091.5
3/23/15,2104.42
3/20/15,2108.1
3/19/15,2089.27
3/18/15,2099.5
3/17/15,2074.28
3/16/15,2081.19
3/13/15,2053.4
3/12/15,2065.95
3/11/15,2040.24
3/10/15,2044.16
3/9/15,2079.43
3/6/15,2071.26
3/5/15,2101.04
3/4/15,2098.53
3/3/15,2107.78
3/2/15,2117.39
2/27/15,2104.5
2/26/15,2110.74
2/25/15,2113.86
2/24/15,2115.48
2/23/15,2109.66
2/20/15,2110.3
2/19/15,2097.45
2/18/15,2099.68
2/17/15,2100.34
2/13/15,2096.99
2/12/15,2088.48
2/11/15,2068.53
2/10/15,2068.59
2/9/15,2046.74
2/6/15,2055.47
2/5/15,2062.52
2/4/15,2041.51
2/3/15,2050.03
2/2/15,2020.85
1/30/15,1994.99
1/29/15,2021.25
1/28/15,2002.16
1/27/15,2029.55
1/26/15,2057.09
1/23/15,2051.82
1/22/15,2063.15
1/21/15,2032.12
1/20/15,2022.55
1/16/15,2019.42
1/15/15,1992.67
1/14/15,2011.27
1/13/15,2023.03
1/12/15,2028.26
1/9/15,2044.81
1/8/15,2062.14
1/7/15,2025.9
1/6/15,2002.61
1/5/15,2020.58
1/2/15,2058.2
12/31/14,2058.9
12/30/14,2080.35
12/29/14,2090.57
12/26/14,2088.77
12/24/14,2081.88
12/23/14,2082.17
12/22/14,2078.54
12/19/14,2070.65
12/18/14,2061.23
12/17/14,2012.89
12/16/14,1972.74
12/15/14,1989.63
12/12/14,2002.33
12/11/14,2035.33
12/10/14,2026.14
12/9/14,2059.82
12/8/14,2060.31
12/5/14,2075.37
12/4/14,2071.92
12/3/14,2074.33
12/2/14,2066.55
12/1/14,2053.44
11/28/14,2067.56
11/26/14,2072.83
11/25/14,2067.03
11/24/14,2069.41
11/21/14,2063.5
11/20/14,2052.75
11/19/14,2048.72
11/18/14,2051.8
11/17/14,2041.32
11/14/14,2039.82
11/13/14,2039.33
11/12/14,2038.25
11/11/14,2039.68
11/10/14,2038.26
11/7/14,2031.92
11/6/14,2031.21
11/5/14,2023.57
11/4/14,2012.1
11/3/14,2017.81
10/31/14,2018.05
10/30/14,1994.65
10/29/14,1982.3
10/28/14,1985.05
10/27/14,1961.63
10/24/14,1964.58
10/23/14,1950.82
10/22/14,1927.11
10/21/14,1941.28
10/20/14,1904.01
10/17/14,1886.76
10/16/14,1862.76
10/15/14,1862.49
10/14/14,1877.7
10/13/14,1874.74
10/10/14,1906.13
10/9/14,1928.21
10/8/14,1968.89
10/7/14,1935.1
10/6/14,1964.82
10/3/14,1967.9
10/2/14,1946.17
10/1/14,1946.16
9/30/14,1972.29
9/29/14,1977.8
9/26/14,1982.85
9/25/14,1965.99
9/24/14,1998.3
9/23/14,1982.77
9/22/14,1994.29
9/19/14,2010.4
9/18/14,2011.36
9/17/14,2001.57
9/16/14,1998.98
9/15/14,1984.13
9/12/14,1985.54
9/11/14,1997.45
9/10/14,1995.69
9/9/14,1988.44
9/8/14,2001.54
9/5/14,2007.71
9/4/14,1997.65
9/3/14,2000.72
9/2/14,2002.28
8/29/14,2003.37
8/28/14,1996.74
8/27/14,2000.12
8/26/14,2000.02
8/25/14,1997.92
8/22/14,1988.4
8/21/14,1992.37
8/20/14,1986.51
8/19/14,1981.6
8/18/14,1971.74
8/15/14,1955.06
8/14/14,1955.18
8/13/14,1946.72
8/12/14,1933.75
8/11/14,1936.92
8/8/14,1931.59
8/7/14,1909.57
8/6/14,1920.24
8/5/14,1920.21
8/4/14,1938.99
8/1/14,1925.15
7/31/14,1930.67
7/30/14,1970.07
7/29/14,1969.95
7/28/14,1978.91
7/25/14,1978.34
7/24/14,1987.98
7/23/14,1987.01
7/22/14,1983.53
7/21/14,1973.63
7/18/14,1978.22
7/17/14,1958.12
7/16/14,1981.57
7/15/14,1973.28
7/14/14,1977.1
7/11/14,1967.57
7/10/14,1964.68
7/9/14,1972.83
7/8/14,1963.71
7/7/14,1977.65
7/3/14,1985.44
7/2/14,1974.62
7/1/14,1973.32
6/30/14,1960.23
6/27/14,1960.96
6/26/14,1957.22
6/25/14,1959.53
6/24/14,1949.98
6/23/14,1962.61
6/20/14,1962.87
6/19/14,1959.48
6/18/14,1956.98
6/17/14,1941.99
6/16/14,1937.78
6/13/14,1936.16
6/12/14,1930.11
6/11/14,1943.89
6/10/14,1950.79
6/9/14,1951.27
6/6/14,1949.44
6/5/14,1940.46
6/4/14,1927.88
6/3/14,1924.24
6/2/14,1924.97
5/30/14,1923.57
5/29/14,1920.03
5/28/14,1909.78
5/27/14,1911.91
5/23/14,1900.53
5/22/14,1892.49
5/21/14,1888.03
5/20/14,1872.83
5/19/14,1885.08
5/16/14,1877.86
5/15/14,1870.85
5/14/14,1888.53
5/13/14,1897.45
5/12/14,1896.65
5/9/14,1878.48
5/8/14,1875.63
5/7/14,1878.21
5/6/14,1867.72
5/5/14,1884.66
5/2/14,1881.14
5/1/14,1883.68
4/30/14,1883.95
4/29/14,1878.33
4/28/14,1869.43
4/25/14,1863.4
4/24/14,1878.61
4/23/14,1875.39
4/22/14,1879.55
4/21/14,1871.89
4/17/14,1864.85
4/16/14,1862.31
4/15/14,1842.98
4/14/14,1830.61
4/11/14,1815.69
4/10/14,1833.08
4/9/14,1872.18
4/8/14,1851.96
4/7/14,1845.04
4/4/14,1865.09
4/3/14,1888.77
4/2/14,1890.9
4/1/14,1885.52
3/31/14,1872.34
3/28/14,1857.62
3/27/14,1849.04
3/26/14,1852.56
3/25/14,1865.62
3/24/14,1857.44
3/21/14,1866.52
3/20/14,1872.01
3/19/14,1860.77
3/18/14,1872.25
3/17/14,1858.83
3/14/14,1841.13
3/13/14,1846.34
3/12/14,1868.2
3/11/14,1867.63
3/10/14,1877.17
3/7/14,1878.04
3/6/14,1877.03
3/5/14,1873.81
3/4/14,1873.91
3/3/14,1845.73
2/28/14,1859.45
2/27/14,1854.29
2/26/14,1845.16
2/25/14,1845.12
2/24/14,1847.61
2/21/14,1836.25
2/20/14,1839.78
2/19/14,1828.75
2/18/14,1840.76
2/14/14,1838.63
2/13/14,1829.83
2/12/14,1819.26
2/11/14,1819.75
2/10/14,1799.84
2/7/14,1797.02
2/6/14,1773.43
2/5/14,1751.64
2/4/14,1755.2
2/3/14,1741.89
1/31/14,1782.59
1/30/14,1794.19
1/29/14,1774.2
1/28/14,1792.5
1/27/14,1781.56
1/24/14,1790.29
1/23/14,1828.46
1/22/14,1844.86
1/21/14,1843.8
1/17/14,1838.7
1/16/14,1845.89
1/15/14,1848.38
1/14/14,1838.88
1/13/14,1819.2
1/10/14,1842.37
1/9/14,1838.13
1/8/14,1837.49
1/7/14,1837.88
1/6/14,1826.77
1/3/14,1831.37
1/2/14,1831.98